{"cameraMode":{"drawMode":0,"name":"Shaded","section":"Shading Mode"},"sceneLighting":true,"audioPlay":false,"sceneViewState":{"showFog":true,"showMaterialUpdate":false,"showSkybox":true,"showFlares":true,"showImageEffects":true,"showParticleSystems":true},"in2DMode":false,"pivot":{"x":0.0,"y":-4.97499942779541,"z":-25.024999618530275},"rotation":{"x":0.10152386873960495,"y":0.07602526247501373,"z":-0.007808058522641659,"w":0.9918931722640991},"size":141.75283813476563,"orthographic":true}