{"cameraMode":{"drawMode":0,"name":"Shaded","section":"Shading Mode"},"sceneLighting":true,"audioPlay":false,"sceneViewState":{"showFog":true,"showMaterialUpdate":false,"showSkybox":true,"showFlares":true,"showImageEffects":true,"showParticleSystems":true},"in2DMode":false,"pivot":{"x":0.0,"y":-4.97499942779541,"z":-25.024999618530275},"rotation":{"x":0.5981738567352295,"y":0.06232081726193428,"z":-0.04677337035536766,"w":0.7975690960884094},"size":141.75283813476563,"orthographic":true}