{"cameraMode":{"drawMode":0,"name":"Shaded","section":"Shading Mode"},"sceneLighting":true,"audioPlay":false,"sceneViewState":{"showFog":true,"showMaterialUpdate":false,"showSkybox":true,"showFlares":true,"showImageEffects":true,"showParticleSystems":true},"in2DMode":false,"pivot":{"x":0.0,"y":43.918006896972659,"z":4.376989364624023},"rotation":{"x":0.12948015332221986,"y":-0.2298089861869812,"z":0.030849561095237733,"w":0.9640908241271973},"size":90.60787963867188,"orthographic":true}