{"cameraMode":{"drawMode":0,"name":"Shaded","section":"Shading Mode"},"sceneLighting":true,"audioPlay":false,"sceneViewState":{"showFog":true,"showMaterialUpdate":false,"showSkybox":true,"showFlares":true,"showImageEffects":true,"showParticleSystems":true},"in2DMode":false,"pivot":{"x":0.0,"y":43.918006896972659,"z":4.376989364624023},"rotation":{"x":0.5144932270050049,"y":-0.4380679428577423,"z":0.3463347852230072,"w":0.6507269144058228},"size":128.04725646972657,"orthographic":true}