{"cameraMode":{"drawMode":0,"name":"Shaded","section":"Shading Mode"},"sceneLighting":true,"audioPlay":false,"sceneViewState":{"showFog":true,"showMaterialUpdate":false,"showSkybox":true,"showFlares":true,"showImageEffects":true,"showParticleSystems":true},"in2DMode":false,"pivot":{"x":0.0,"y":43.918006896972659,"z":4.376989364624023},"rotation":{"x":0.480294793844223,"y":0.005256020929664373,"z":-0.002894291188567877,"w":0.8770866394042969},"size":128.04725646972657,"orthographic":true}